{
    "start_value": 10000.0,
    "end_value": 10598.503808017487,
    "yield": 5.985038080174876
}