{
    "start_value": 10000.0,
    "end_value": 8841.919704665232,
    "yield": -11.58080295334768
}