{
    "start_value": 10000.0,
    "end_value": 9531.14321615198,
    "yield": -4.688567838480195
}