{
    "start_value": 10000.0,
    "end_value": 7227.318701139527,
    "yield": -27.72681298860473
}