{
    "start_value": 10000.0,
    "end_value": 8815.933032346484,
    "yield": -11.840669676535164
}