{
    "start_value": 10000.0,
    "end_value": 7469.509017726867,
    "yield": -25.304909822731336
}