{
    "start_value": 10000.0,
    "end_value": 9083.033719110714,
    "yield": -9.169662808892864
}