{
    "start_value": 10000.0,
    "end_value": 9783.401599304843,
    "yield": -2.1659840069515712
}