{
    "start_value": 10000.0,
    "end_value": 9568.49635414324,
    "yield": -4.315036458567589
}