{
    "start_value": 10000.0,
    "end_value": 7780.236302662039,
    "yield": -22.19763697337961
}