{
    "start_value": 10000.0,
    "end_value": 10139.873899060916,
    "yield": 1.3987389906091607
}