{
    "start_value": 10000.0,
    "end_value": 8124.255883972917,
    "yield": -18.757441160270826
}