{
    "start_value": 10000.0,
    "end_value": 9573.11322853543,
    "yield": -4.268867714645697
}