{
    "start_value": 10000.0,
    "end_value": 6493.263221237707,
    "yield": -35.06736778762294
}