{
    "start_value": 10000.0,
    "end_value": 8048.994519481155,
    "yield": -19.51005480518845
}