{
    "start_value": 10000.0,
    "end_value": 14923.986775738635,
    "yield": 49.239867757386335
}