{
    "start_value": 10000.0,
    "end_value": 9460.82421206955,
    "yield": -5.3917578793044925
}