{
    "start_value": 10000.0,
    "end_value": 9198.6094073469,
    "yield": -8.013905926531006
}