{
    "start_value": 10000.0,
    "end_value": 8228.539091785156,
    "yield": -17.714609082148435
}