{
    "start_value": 10000.0,
    "end_value": 8613.601331557054,
    "yield": -13.863986684429452
}