{
    "start_value": 10000.0,
    "end_value": 9561.0693421955,
    "yield": -4.389306578044994
}