{
    "start_value": 10000.0,
    "end_value": 8864.640357131671,
    "yield": -11.353596428683288
}