{
    "start_value": 10000.0,
    "end_value": 6182.75813278108,
    "yield": -38.1724186721892
}