{
    "start_value": 10000.0,
    "end_value": 11154.695031917661,
    "yield": 11.546950319176608
}