{
    "start_value": 10000.0,
    "end_value": 7013.637984277509,
    "yield": -29.86362015722491
}