{
    "start_value": 10000.0,
    "end_value": 9524.056376651532,
    "yield": -4.759436233484681
}