{
    "start_value": 10000.0,
    "end_value": 7236.566613115992,
    "yield": -27.634333868840077
}