{
    "start_value": 10000.0,
    "end_value": 7347.02859828427,
    "yield": -26.529714017157303
}