{
    "start_value": 10000.0,
    "end_value": 9945.915466463079,
    "yield": -0.5408453353692111
}