{
    "start_value": 10000.0,
    "end_value": 9232.479834570831,
    "yield": -7.675201654291685
}