{
    "start_value": 10000.0,
    "end_value": 10562.7984539917,
    "yield": 5.627984539916997
}