{
    "start_value": 10000.0,
    "end_value": 6413.13435665464,
    "yield": -35.868656433453594
}