{
    "start_value": 10000.0,
    "end_value": 9266.931232880723,
    "yield": -7.33068767119277
}