{
    "start_value": 10000.0,
    "end_value": 11061.08040510842,
    "yield": 10.610804051084187
}